<?xml version="1.0" encoding="UTF-8"?>
<package id="1" uuid="e1180d8e-2e45-407a-98e7-30200f3a33d7">
  <dateCreated id="2">2024-09-10 08:32:35</dateCreated>
  <name>Other_substances_concepts</name>
  <description>Package contains concepts for other substances</description>
  <openmrsVersion>2.4.6 cfl.3 Build 474fed</openmrsVersion>
  <version>2</version>
  <groupUuid>d8be92a7-bd7f-423c-b6c3-ae294f8a8fa2</groupUuid>
  <modules id="3">
    <entry>
      <string>openconceptlab</string>
      <string>2.0.0-SNAPSHOT</string>
    </entry>
    <entry>
      <string>calculation</string>
      <string>1.3.0</string>
    </entry>
    <entry>
      <string>legacyui</string>
      <string>1.16.0</string>
    </entry>
    <entry>
      <string>cfldefault</string>
      <string>1.2.1-SNAPSHOT</string>
    </entry>
    <entry>
      <string>htmlwidgets</string>
      <string>1.11.0</string>
    </entry>
    <entry>
      <string>addresshierarchy</string>
      <string>2.15.1</string>
    </entry>
    <entry>
      <string>reportingui</string>
      <string>1.12.0-SNAPSHOT</string>
    </entry>
    <entry>
      <string>uicommons</string>
      <string>2.23.0</string>
    </entry>
    <entry>
      <string>patientflags</string>
      <string>3.0.5-cfl.1</string>
    </entry>
    <entry>
      <string>emrapi</string>
      <string>1.34.0</string>
    </entry>
    <entry>
      <string>registrationapp</string>
      <string>1.25.0</string>
    </entry>
    <entry>
      <string>appointments</string>
      <string>1.6.0-SNAPSHOT</string>
    </entry>
    <entry>
      <string>idgen</string>
      <string>4.9.0</string>
    </entry>
    <entry>
      <string>spa</string>
      <string>1.0.9-SNAPSHOT</string>
    </entry>
    <entry>
      <string>htmlformentry</string>
      <string>4.0.1-cfl.1</string>
    </entry>
    <entry>
      <string>o3forms</string>
      <string>2.2.0</string>
    </entry>
    <entry>
      <string>etllite</string>
      <string>1.1.11</string>
    </entry>
    <entry>
      <string>reportingcompatibility</string>
      <string>2.0.9</string>
    </entry>
    <entry>
      <string>vxnaidlicensemanagement</string>
      <string>1.1.5</string>
    </entry>
    <entry>
      <string>uilibrary</string>
      <string>2.0.7</string>
    </entry>
    <entry>
      <string>locationbasedaccess</string>
      <string>0.3.0-SNAPSHOT</string>
    </entry>
    <entry>
      <string>adminui</string>
      <string>1.6.0</string>
    </entry>
    <entry>
      <string>vxnaidbiometric</string>
      <string>1.3.0-vrvu.1</string>
    </entry>
    <entry>
      <string>files</string>
      <string>1.0.0</string>
    </entry>
    <entry>
      <string>messages</string>
      <string>1.8.2-SNAPSHOT</string>
    </entry>
    <entry>
      <string>metadatamapping</string>
      <string>1.6.0</string>
    </entry>
    <entry>
      <string>coreapps</string>
      <string>1.39.0</string>
    </entry>
    <entry>
      <string>cflcore</string>
      <string>1.12.1-SNAPSHOT</string>
    </entry>
    <entry>
      <string>serialization.xstream</string>
      <string>0.2.16</string>
    </entry>
    <entry>
      <string>dhisconnector</string>
      <string>1.5.7-SNAPSHOT</string>
    </entry>
    <entry>
      <string>metadatadeploy</string>
      <string>1.13.0</string>
    </entry>
    <entry>
      <string>metadatasharing</string>
      <string>1.9.0</string>
    </entry>
    <entry>
      <string>cohort</string>
      <string>3.1.0-SNAPSHOT</string>
    </entry>
    <entry>
      <string>allergyui</string>
      <string>1.8.6-SNAPSHOT</string>
    </entry>
    <entry>
      <string>formentryapp</string>
      <string>1.4.3</string>
    </entry>
    <entry>
      <string>providermanagement</string>
      <string>2.14.0</string>
    </entry>
    <entry>
      <string>visits</string>
      <string>1.6.1-SNAPSHOT</string>
    </entry>
    <entry>
      <string>multiproject</string>
      <string>1.0.0</string>
    </entry>
    <entry>
      <string>sms</string>
      <string>1.3.1</string>
    </entry>
    <entry>
      <string>cflcharts</string>
      <string>1.2.2-SNAPSHOT</string>
    </entry>
    <entry>
      <string>reportingrest</string>
      <string>1.14.0-cfl.2</string>
    </entry>
    <entry>
      <string>uiframework</string>
      <string>3.23.0</string>
    </entry>
    <entry>
      <string>event</string>
      <string>2.10.0</string>
    </entry>
    <entry>
      <string>reporting</string>
      <string>1.25.0-cfl.2</string>
    </entry>
    <entry>
      <string>callflows</string>
      <string>1.1.13</string>
    </entry>
    <entry>
      <string>htmlformentryui</string>
      <string>2.0.0-SNAPSHOT</string>
    </entry>
    <entry>
      <string>cfl</string>
      <string>1.5.1-SNAPSHOT</string>
    </entry>
    <entry>
      <string>fhir2</string>
      <string>1.11.0</string>
    </entry>
    <entry>
      <string>appframework</string>
      <string>2.17.0</string>
    </entry>
    <entry>
      <string>webservices.rest</string>
      <string>2.41.0-cfl.2.4b687d</string>
    </entry>
    <entry>
      <string>registrationcore</string>
      <string>1.12.0</string>
    </entry>
    <entry>
      <string>owa</string>
      <string>1.15.0-SNAPSHOT</string>
    </entry>
    <entry>
      <string>vxnaid</string>
      <string>1.0.4-SNAPSHOT</string>
    </entry>
    <entry>
      <string>appui</string>
      <string>1.16.0</string>
    </entry>
    <entry>
      <string>queue</string>
      <string>1.0.0-SNAPSHOT</string>
    </entry>
  </modules>
  <items class="linked-hash-set" id="4">
    <org.openmrs.module.metadatasharing.Item id="5" uuid="da208dcf-aa34-4d2a-bbe7-3870e544c0cd">
      <id>55243</id>
      <classname>org.openmrs.Concept</classname>
      <dateChanged id="6">2024-07-16 15:47:39</dateChanged>
      <retired>false</retired>
    </org.openmrs.module.metadatasharing.Item>
    <org.openmrs.module.metadatasharing.Item id="7" uuid="6de53ec6-bf3f-41fe-bf2e-e61447a6557a">
      <id>55241</id>
      <classname>org.openmrs.Concept</classname>
      <dateChanged id="8">2024-07-16 15:47:39</dateChanged>
      <retired>false</retired>
    </org.openmrs.module.metadatasharing.Item>
    <org.openmrs.module.metadatasharing.Item id="9" uuid="2e22cf9d-0e2f-4bdc-89ab-8087b83fb8d3">
      <id>55242</id>
      <classname>org.openmrs.ConceptNumeric</classname>
      <dateChanged id="10">2024-07-16 15:47:39</dateChanged>
      <retired>false</retired>
    </org.openmrs.module.metadatasharing.Item>
    <org.openmrs.module.metadatasharing.Item id="11" uuid="28da5cfc-9fdb-404f-ab5a-86a70c461cff">
      <id>55234</id>
      <classname>org.openmrs.ConceptNumeric</classname>
      <dateChanged id="12">2024-07-16 15:47:39</dateChanged>
      <retired>false</retired>
    </org.openmrs.module.metadatasharing.Item>
    <org.openmrs.module.metadatasharing.Item id="13" uuid="933dfa58-db68-4a6e-a40b-98e1d71f48f5">
      <id>55235</id>
      <classname>org.openmrs.Concept</classname>
      <dateChanged id="14">2024-07-16 15:47:39</dateChanged>
      <retired>false</retired>
    </org.openmrs.module.metadatasharing.Item>
    <org.openmrs.module.metadatasharing.Item id="15" uuid="fa7eaa36-a3a7-4357-b286-9b333ad731d7">
      <id>55328</id>
      <classname>org.openmrs.Concept</classname>
      <dateChanged id="16">2024-09-09 08:47:35</dateChanged>
      <retired>false</retired>
    </org.openmrs.module.metadatasharing.Item>
    <org.openmrs.module.metadatasharing.Item id="17" uuid="b8ca722b-9731-4e50-8081-ac9131230718">
      <id>55262</id>
      <classname>org.openmrs.Concept</classname>
      <dateChanged id="18">2024-07-16 15:47:39</dateChanged>
      <retired>false</retired>
    </org.openmrs.module.metadatasharing.Item>
    <org.openmrs.module.metadatasharing.Item id="19" uuid="95d318f7-3214-4402-87d7-96be04b858bf">
      <id>55237</id>
      <classname>org.openmrs.Concept</classname>
      <dateChanged id="20">2024-07-16 15:47:39</dateChanged>
      <retired>false</retired>
    </org.openmrs.module.metadatasharing.Item>
    <org.openmrs.module.metadatasharing.Item id="21" uuid="57c1d25f-918c-4de7-8f6f-884eeacfcd06">
      <id>55327</id>
      <classname>org.openmrs.Concept</classname>
      <dateChanged id="22">2024-09-09 08:43:21</dateChanged>
      <retired>false</retired>
    </org.openmrs.module.metadatasharing.Item>
    <org.openmrs.module.metadatasharing.Item id="23" uuid="f496defd-60d8-45b4-8054-44d582436500">
      <id>55239</id>
      <classname>org.openmrs.ConceptNumeric</classname>
      <dateChanged id="24">2024-07-16 15:47:39</dateChanged>
      <retired>false</retired>
    </org.openmrs.module.metadatasharing.Item>
    <org.openmrs.module.metadatasharing.Item id="25" uuid="c9beea3e-d88f-4b3e-a958-8837874085b2">
      <id>55263</id>
      <classname>org.openmrs.Concept</classname>
      <dateChanged id="26">2024-07-16 15:47:39</dateChanged>
      <retired>false</retired>
    </org.openmrs.module.metadatasharing.Item>
  </items>
  <relatedItems class="linked-hash-set" id="27">
    <org.openmrs.module.metadatasharing.Item id="28" uuid="8d4a5cca-c2cc-11de-8d13-0010c6dffd0f">
      <id>10</id>
      <classname>org.openmrs.ConceptDatatype</classname>
      <dateChanged id="29">2004-08-26 00:00:00</dateChanged>
      <retired>false</retired>
    </org.openmrs.module.metadatasharing.Item>
    <org.openmrs.module.metadatasharing.Item id="30" uuid="8d4918b0-c2cc-11de-8d13-0010c6dffd0f">
      <id>4</id>
      <classname>org.openmrs.ConceptClass</classname>
      <dateChanged id="31">2024-07-16 15:47:39</dateChanged>
      <retired>false</retired>
    </org.openmrs.module.metadatasharing.Item>
    <org.openmrs.module.metadatasharing.Item id="32" uuid="b9e196d7-3561-49e1-98b4-8cf58c8e9adc">
      <id>132924</id>
      <classname>org.openmrs.ConceptName</classname>
      <dateChanged id="33">2024-07-16 15:47:39</dateChanged>
    </org.openmrs.module.metadatasharing.Item>
    <org.openmrs.module.metadatasharing.Item id="34" uuid="84106162-66b6-4935-a0c0-a4e6c8dfdcd3">
      <id>16577</id>
      <classname>org.openmrs.ConceptDescription</classname>
      <dateChanged id="35">2024-07-16 15:47:39</dateChanged>
    </org.openmrs.module.metadatasharing.Item>
    <org.openmrs.module.metadatasharing.Item id="36" uuid="8d4a4ab4-c2cc-11de-8d13-0010c6dffd0f">
      <id>3</id>
      <classname>org.openmrs.ConceptDatatype</classname>
      <dateChanged id="37">2004-02-02 00:00:00</dateChanged>
      <retired>false</retired>
    </org.openmrs.module.metadatasharing.Item>
    <org.openmrs.module.metadatasharing.Item id="38" uuid="8d491e50-c2cc-11de-8d13-0010c6dffd0f">
      <id>7</id>
      <classname>org.openmrs.ConceptClass</classname>
      <dateChanged id="39">2024-08-29 13:39:03</dateChanged>
      <retired>false</retired>
    </org.openmrs.module.metadatasharing.Item>
    <org.openmrs.module.metadatasharing.Item id="40" uuid="41dff3eb-eeb9-4531-b05a-32d8dd16c177">
      <id>132922</id>
      <classname>org.openmrs.ConceptName</classname>
      <dateChanged id="41">2024-07-16 15:47:39</dateChanged>
    </org.openmrs.module.metadatasharing.Item>
    <org.openmrs.module.metadatasharing.Item id="42" uuid="8d4a4488-c2cc-11de-8d13-0010c6dffd0f">
      <id>1</id>
      <classname>org.openmrs.ConceptDatatype</classname>
      <dateChanged id="43">2004-02-02 00:00:00</dateChanged>
      <retired>false</retired>
    </org.openmrs.module.metadatasharing.Item>
    <org.openmrs.module.metadatasharing.Item id="44" uuid="699306f4-eba2-46da-bddd-4d89e9e98d1b">
      <id>132923</id>
      <classname>org.openmrs.ConceptName</classname>
      <dateChanged id="45">2024-07-16 15:47:39</dateChanged>
    </org.openmrs.module.metadatasharing.Item>
    <org.openmrs.module.metadatasharing.Item id="46" uuid="2b6e7aff-8f4a-4cdb-b53d-f68df2668c0b">
      <id>132915</id>
      <classname>org.openmrs.ConceptName</classname>
      <dateChanged id="47">2024-07-16 15:47:39</dateChanged>
    </org.openmrs.module.metadatasharing.Item>
    <org.openmrs.module.metadatasharing.Item id="48" uuid="728620da-49b3-4231-8dc1-185923e343ff">
      <id>132916</id>
      <classname>org.openmrs.ConceptName</classname>
      <dateChanged id="49">2024-07-16 15:47:39</dateChanged>
    </org.openmrs.module.metadatasharing.Item>
    <org.openmrs.module.metadatasharing.Item id="50" uuid="204c9ee5-ee90-4a08-ba52-a2de92b7fb91">
      <id>133041</id>
      <classname>org.openmrs.ConceptName</classname>
      <dateChanged id="51">2024-09-09 08:47:35</dateChanged>
    </org.openmrs.module.metadatasharing.Item>
    <org.openmrs.module.metadatasharing.Item id="52" uuid="51749952-88cf-4cb0-963d-3b03f6768a68">
      <id>132950</id>
      <classname>org.openmrs.ConceptName</classname>
      <dateChanged id="53">2024-07-16 15:47:39</dateChanged>
    </org.openmrs.module.metadatasharing.Item>
    <org.openmrs.module.metadatasharing.Item id="54" uuid="f576d5d2-39fb-4162-bd91-118cf6ed5ed1">
      <id>132918</id>
      <classname>org.openmrs.ConceptName</classname>
      <dateChanged id="55">2024-07-16 15:47:39</dateChanged>
    </org.openmrs.module.metadatasharing.Item>
    <org.openmrs.module.metadatasharing.Item id="56" uuid="2a33c05f-5892-441f-b0f7-1b2a396d9520">
      <id>133040</id>
      <classname>org.openmrs.ConceptName</classname>
      <dateChanged id="57">2024-09-09 08:43:21</dateChanged>
    </org.openmrs.module.metadatasharing.Item>
    <org.openmrs.module.metadatasharing.Item id="58" uuid="c623314f-82e7-4939-9e06-c347cb568355">
      <id>132920</id>
      <classname>org.openmrs.ConceptName</classname>
      <dateChanged id="59">2024-07-16 15:47:39</dateChanged>
    </org.openmrs.module.metadatasharing.Item>
    <org.openmrs.module.metadatasharing.Item id="60" uuid="68769ffa-6c91-431c-8285-3d139501075d">
      <id>132951</id>
      <classname>org.openmrs.ConceptName</classname>
      <dateChanged id="61">2024-07-16 15:47:39</dateChanged>
    </org.openmrs.module.metadatasharing.Item>
  </relatedItems>
  <incrementalVersion>false</incrementalVersion>
</package>
