<?xml version="1.0" encoding="UTF-8"?>
<list id="1">
  <org.openmrs.Concept id="2" uuid="da208dcf-aa34-4d2a-bbe7-3870e544c0cd">
    <conceptId>55243</conceptId>
    <retired>false</retired>
    <datatype id="3" resolves-to="org.openmrs.ConceptDatatype" uuid="8d4a5cca-c2cc-11de-8d13-0010c6dffd0f">
      <name>Boolean</name>
      <description>Boolean value (yes/no, true/false)</description>
      <creator/>
      <dateCreated id="4">2004-08-26 00:00:00</dateCreated>
      <retired>false</retired>
      <conceptDatatypeId>10</conceptDatatypeId>
      <hl7Abbreviation>BIT</hl7Abbreviation>
    </datatype>
    <conceptClass id="5" resolves-to="org.openmrs.ConceptClass" uuid="8d4918b0-c2cc-11de-8d13-0010c6dffd0f">
      <name>Diagnosis</name>
      <description>Conclusion drawn through findings</description>
      <creator/>
      <dateCreated id="6">2004-02-02 00:00:00</dateCreated>
      <changedBy/>
      <dateChanged id="7">2024-07-16 15:47:39</dateChanged>
      <retired>false</retired>
      <conceptClassId>4</conceptClassId>
    </conceptClass>
    <set>false</set>
    <creator/>
    <dateCreated id="8">2024-07-11 14:35:28</dateCreated>
    <changedBy/>
    <dateChanged id="9">2024-07-16 15:47:39</dateChanged>
    <names class="set" id="10">
      <org.openmrs.ConceptName id="11" uuid="b9e196d7-3561-49e1-98b4-8cf58c8e9adc">
        <conceptNameId>132924</conceptNameId>
        <concept reference="2"/>
        <name>Is Oedema</name>
        <locale id="12">en</locale>
        <creator/>
        <dateCreated id="13">2024-07-11 14:35:28</dateCreated>
        <voided>false</voided>
        <tags class="set" id="14"/>
        <conceptNameType>FULLY_SPECIFIED</conceptNameType>
        <localePreferred>true</localePreferred>
        <changedBy/>
        <dateChanged id="15">2024-07-16 15:47:39</dateChanged>
      </org.openmrs.ConceptName>
    </names>
    <answers class="set" id="16"/>
    <conceptSets class="set" id="17"/>
    <descriptions class="set" id="18">
      <org.openmrs.ConceptDescription id="19" uuid="84106162-66b6-4935-a0c0-a4e6c8dfdcd3">
        <conceptDescriptionId>16577</conceptDescriptionId>
        <concept reference="2"/>
        <description>Specifies if patient has oedema</description>
        <locale id="20">en</locale>
        <creator/>
        <dateCreated id="21">2024-07-11 14:35:28</dateCreated>
        <changedBy/>
        <dateChanged id="22">2024-07-16 15:47:39</dateChanged>
      </org.openmrs.ConceptDescription>
    </descriptions>
    <conceptMappings class="set" id="23"/>
    <attributes id="24"/>
  </org.openmrs.Concept>
  <org.openmrs.Concept id="25" uuid="6de53ec6-bf3f-41fe-bf2e-e61447a6557a">
    <conceptId>55241</conceptId>
    <retired>false</retired>
    <datatype id="26" resolves-to="org.openmrs.ConceptDatatype" uuid="8d4a4ab4-c2cc-11de-8d13-0010c6dffd0f">
      <name>Text</name>
      <description>Free text</description>
      <creator/>
      <dateCreated id="27">2004-02-02 00:00:00</dateCreated>
      <retired>false</retired>
      <conceptDatatypeId>3</conceptDatatypeId>
      <hl7Abbreviation>ST</hl7Abbreviation>
    </datatype>
    <conceptClass id="28" resolves-to="org.openmrs.ConceptClass" uuid="8d491e50-c2cc-11de-8d13-0010c6dffd0f">
      <name>Question</name>
      <description>Question (eg, patient history, SF36 items)</description>
      <creator/>
      <dateCreated id="29">2004-03-02 00:00:00</dateCreated>
      <changedBy/>
      <dateChanged id="30">2024-08-29 13:39:03</dateChanged>
      <retired>false</retired>
      <conceptClassId>7</conceptClassId>
    </conceptClass>
    <set>false</set>
    <creator/>
    <dateCreated id="31">2024-07-15 11:40:33</dateCreated>
    <changedBy/>
    <dateChanged id="32">2024-07-16 15:47:39</dateChanged>
    <names class="set" id="33">
      <org.openmrs.ConceptName id="34" uuid="41dff3eb-eeb9-4531-b05a-32d8dd16c177">
        <conceptNameId>132922</conceptNameId>
        <concept reference="25"/>
        <name>Received LLIN Vxnaid</name>
        <locale id="35">en</locale>
        <creator/>
        <dateCreated id="36">2024-07-15 11:40:33</dateCreated>
        <voided>false</voided>
        <tags class="set" id="37"/>
        <conceptNameType>FULLY_SPECIFIED</conceptNameType>
        <localePreferred>true</localePreferred>
        <changedBy/>
        <dateChanged id="38">2024-07-16 15:47:39</dateChanged>
      </org.openmrs.ConceptName>
    </names>
    <answers class="set" id="39"/>
    <conceptSets class="set" id="40"/>
    <descriptions class="set" id="41"/>
    <conceptMappings class="set" id="42"/>
    <attributes id="43"/>
  </org.openmrs.Concept>
  <org.openmrs.ConceptNumeric id="44" uuid="2e22cf9d-0e2f-4bdc-89ab-8087b83fb8d3">
    <conceptId>55242</conceptId>
    <retired>false</retired>
    <datatype id="45" resolves-to="org.openmrs.ConceptDatatype" uuid="8d4a4488-c2cc-11de-8d13-0010c6dffd0f">
      <name>Numeric</name>
      <description>Numeric value, including integer or float (e.g., creatinine, weight)</description>
      <creator/>
      <dateCreated id="46">2004-02-02 00:00:00</dateCreated>
      <retired>false</retired>
      <conceptDatatypeId>1</conceptDatatypeId>
      <hl7Abbreviation>NM</hl7Abbreviation>
    </datatype>
    <conceptClass reference="28"/>
    <set>false</set>
    <creator/>
    <dateCreated id="47">2024-07-15 12:29:03</dateCreated>
    <changedBy/>
    <dateChanged id="48">2024-07-16 15:47:39</dateChanged>
    <names class="set" id="49">
      <org.openmrs.ConceptName id="50" uuid="699306f4-eba2-46da-bddd-4d89e9e98d1b">
        <conceptNameId>132923</conceptNameId>
        <concept class="org.openmrs.ConceptNumeric" reference="44"/>
        <name>Weight for Height Vxnaid</name>
        <locale id="51">en</locale>
        <creator/>
        <dateCreated id="52">2024-07-15 12:29:03</dateCreated>
        <voided>false</voided>
        <tags class="set" id="53"/>
        <conceptNameType>FULLY_SPECIFIED</conceptNameType>
        <localePreferred>true</localePreferred>
        <changedBy/>
        <dateChanged id="54">2024-07-16 15:47:39</dateChanged>
      </org.openmrs.ConceptName>
    </names>
    <answers class="set" id="55"/>
    <conceptSets class="set" id="56"/>
    <descriptions class="set" id="57"/>
    <conceptMappings class="set" id="58"/>
    <attributes id="59"/>
    <allowDecimal>false</allowDecimal>
  </org.openmrs.ConceptNumeric>
  <org.openmrs.ConceptNumeric id="60" uuid="28da5cfc-9fdb-404f-ab5a-86a70c461cff">
    <conceptId>55234</conceptId>
    <retired>false</retired>
    <datatype reference="45"/>
    <conceptClass reference="28"/>
    <set>false</set>
    <creator/>
    <dateCreated id="61">2024-07-15 12:30:25</dateCreated>
    <changedBy/>
    <dateChanged id="62">2024-07-16 15:47:39</dateChanged>
    <names class="set" id="63">
      <org.openmrs.ConceptName id="64" uuid="2b6e7aff-8f4a-4cdb-b53d-f68df2668c0b">
        <conceptNameId>132915</conceptNameId>
        <concept class="org.openmrs.ConceptNumeric" reference="60"/>
        <name>INR Number Vxnaid</name>
        <locale id="65">en</locale>
        <creator/>
        <dateCreated id="66">2024-07-15 12:30:25</dateCreated>
        <voided>false</voided>
        <tags class="set" id="67"/>
        <conceptNameType>FULLY_SPECIFIED</conceptNameType>
        <localePreferred>true</localePreferred>
        <changedBy/>
        <dateChanged id="68">2024-07-16 15:47:39</dateChanged>
      </org.openmrs.ConceptName>
    </names>
    <answers class="set" id="69"/>
    <conceptSets class="set" id="70"/>
    <descriptions class="set" id="71"/>
    <conceptMappings class="set" id="72"/>
    <attributes id="73"/>
    <allowDecimal>false</allowDecimal>
  </org.openmrs.ConceptNumeric>
  <org.openmrs.Concept id="74" uuid="933dfa58-db68-4a6e-a40b-98e1d71f48f5">
    <conceptId>55235</conceptId>
    <retired>false</retired>
    <datatype reference="26"/>
    <conceptClass reference="28"/>
    <set>false</set>
    <creator/>
    <dateCreated id="75">2024-07-15 12:27:49</dateCreated>
    <changedBy/>
    <dateChanged id="76">2024-07-16 15:47:39</dateChanged>
    <names class="set" id="77">
      <org.openmrs.ConceptName id="78" uuid="728620da-49b3-4231-8dc1-185923e343ff">
        <conceptNameId>132916</conceptNameId>
        <concept reference="74"/>
        <name>MUACA Vxnaid</name>
        <locale id="79">en</locale>
        <creator/>
        <dateCreated id="80">2024-07-15 12:27:49</dateCreated>
        <voided>false</voided>
        <tags class="set" id="81"/>
        <conceptNameType>FULLY_SPECIFIED</conceptNameType>
        <localePreferred>true</localePreferred>
        <changedBy/>
        <dateChanged id="82">2024-07-16 15:47:39</dateChanged>
      </org.openmrs.ConceptName>
    </names>
    <answers class="set" id="83"/>
    <conceptSets class="set" id="84"/>
    <descriptions class="set" id="85"/>
    <conceptMappings class="set" id="86"/>
    <attributes id="87"/>
  </org.openmrs.Concept>
  <org.openmrs.Concept id="88" uuid="fa7eaa36-a3a7-4357-b286-9b333ad731d7">
    <conceptId>55328</conceptId>
    <retired>false</retired>
    <datatype reference="26"/>
    <conceptClass reference="28"/>
    <set>false</set>
    <creator/>
    <dateCreated id="89">2024-09-09 08:22:12</dateCreated>
    <changedBy/>
    <dateChanged id="90">2024-09-09 08:47:35</dateChanged>
    <names class="set" id="91">
      <org.openmrs.ConceptName id="92" uuid="204c9ee5-ee90-4a08-ba52-a2de92b7fb91">
        <conceptNameId>133041</conceptNameId>
        <concept reference="88"/>
        <name>Mother HIV test Vxnaid</name>
        <locale id="93">en</locale>
        <creator/>
        <dateCreated id="94">2024-09-09 08:22:12</dateCreated>
        <voided>false</voided>
        <tags class="set" id="95"/>
        <conceptNameType>FULLY_SPECIFIED</conceptNameType>
        <localePreferred>true</localePreferred>
        <changedBy/>
        <dateChanged id="96">2024-09-09 08:47:35</dateChanged>
      </org.openmrs.ConceptName>
    </names>
    <answers class="set" id="97"/>
    <conceptSets class="set" id="98"/>
    <descriptions class="set" id="99"/>
    <conceptMappings class="set" id="100"/>
    <attributes id="101"/>
  </org.openmrs.Concept>
  <org.openmrs.Concept id="102" uuid="b8ca722b-9731-4e50-8081-ac9131230718">
    <conceptId>55262</conceptId>
    <retired>false</retired>
    <datatype reference="26"/>
    <conceptClass reference="28"/>
    <set>false</set>
    <creator/>
    <dateCreated id="103">2024-07-15 11:39:44</dateCreated>
    <changedBy/>
    <dateChanged id="104">2024-07-16 15:47:39</dateChanged>
    <names class="set" id="105">
      <org.openmrs.ConceptName id="106" uuid="51749952-88cf-4cb0-963d-3b03f6768a68">
        <conceptNameId>132950</conceptNameId>
        <concept reference="102"/>
        <name>Protection at birth for TT Vxnaid</name>
        <locale id="107">en</locale>
        <creator/>
        <dateCreated id="108">2024-07-15 11:39:44</dateCreated>
        <voided>false</voided>
        <tags class="set" id="109"/>
        <conceptNameType>FULLY_SPECIFIED</conceptNameType>
        <localePreferred>true</localePreferred>
        <changedBy/>
        <dateChanged id="110">2024-07-16 15:47:39</dateChanged>
      </org.openmrs.ConceptName>
    </names>
    <answers class="set" id="111"/>
    <conceptSets class="set" id="112"/>
    <descriptions class="set" id="113"/>
    <conceptMappings class="set" id="114"/>
    <attributes id="115"/>
  </org.openmrs.Concept>
  <org.openmrs.Concept id="116" uuid="95d318f7-3214-4402-87d7-96be04b858bf">
    <conceptId>55237</conceptId>
    <retired>false</retired>
    <datatype reference="26"/>
    <conceptClass reference="28"/>
    <set>false</set>
    <creator/>
    <dateCreated id="117">2024-07-15 11:41:24</dateCreated>
    <changedBy/>
    <dateChanged id="118">2024-07-16 15:47:39</dateChanged>
    <names class="set" id="119">
      <org.openmrs.ConceptName id="120" uuid="f576d5d2-39fb-4162-bd91-118cf6ed5ed1">
        <conceptNameId>132918</conceptNameId>
        <concept reference="116"/>
        <name>Infant and young child feeding Vxnaid</name>
        <locale id="121">en</locale>
        <creator/>
        <dateCreated id="122">2024-07-15 11:41:24</dateCreated>
        <voided>false</voided>
        <tags class="set" id="123"/>
        <conceptNameType>FULLY_SPECIFIED</conceptNameType>
        <localePreferred>true</localePreferred>
        <changedBy/>
        <dateChanged id="124">2024-07-16 15:47:39</dateChanged>
      </org.openmrs.ConceptName>
    </names>
    <answers class="set" id="125"/>
    <conceptSets class="set" id="126"/>
    <descriptions class="set" id="127"/>
    <conceptMappings class="set" id="128"/>
    <attributes id="129"/>
  </org.openmrs.Concept>
  <org.openmrs.Concept id="130" uuid="57c1d25f-918c-4de7-8f6f-884eeacfcd06">
    <conceptId>55327</conceptId>
    <retired>false</retired>
    <datatype reference="26"/>
    <conceptClass reference="28"/>
    <set>false</set>
    <creator/>
    <dateCreated id="131">2024-09-09 08:21:38</dateCreated>
    <changedBy/>
    <dateChanged id="132">2024-09-09 08:43:21</dateChanged>
    <names class="set" id="133">
      <org.openmrs.ConceptName id="134" uuid="2a33c05f-5892-441f-b0f7-1b2a396d9520">
        <conceptNameId>133040</conceptNameId>
        <concept reference="130"/>
        <name>Disability or maternal EMTCT status Vxnaid</name>
        <locale id="135">en</locale>
        <creator/>
        <dateCreated id="136">2024-09-09 08:21:38</dateCreated>
        <voided>false</voided>
        <tags class="set" id="137"/>
        <conceptNameType>FULLY_SPECIFIED</conceptNameType>
        <localePreferred>true</localePreferred>
        <changedBy/>
        <dateChanged id="138">2024-09-09 08:43:21</dateChanged>
      </org.openmrs.ConceptName>
    </names>
    <answers class="set" id="139"/>
    <conceptSets class="set" id="140"/>
    <descriptions class="set" id="141"/>
    <conceptMappings class="set" id="142"/>
    <attributes id="143"/>
  </org.openmrs.Concept>
  <org.openmrs.ConceptNumeric id="144" uuid="f496defd-60d8-45b4-8054-44d582436500">
    <conceptId>55239</conceptId>
    <retired>false</retired>
    <datatype reference="45"/>
    <conceptClass reference="28"/>
    <set>false</set>
    <creator/>
    <dateCreated id="145">2024-07-15 12:26:58</dateCreated>
    <changedBy/>
    <dateChanged id="146">2024-07-16 15:47:39</dateChanged>
    <names class="set" id="147">
      <org.openmrs.ConceptName id="148" uuid="c623314f-82e7-4939-9e06-c347cb568355">
        <conceptNameId>132920</conceptNameId>
        <concept class="org.openmrs.ConceptNumeric" reference="144"/>
        <name>Height for age Z score Vxnaid</name>
        <locale id="149">en</locale>
        <creator/>
        <dateCreated id="150">2024-07-15 12:26:58</dateCreated>
        <voided>false</voided>
        <tags class="set" id="151"/>
        <conceptNameType>FULLY_SPECIFIED</conceptNameType>
        <localePreferred>true</localePreferred>
        <changedBy/>
        <dateChanged id="152">2024-07-16 15:47:39</dateChanged>
      </org.openmrs.ConceptName>
    </names>
    <answers class="set" id="153"/>
    <conceptSets class="set" id="154"/>
    <descriptions class="set" id="155"/>
    <conceptMappings class="set" id="156"/>
    <attributes id="157"/>
    <allowDecimal>false</allowDecimal>
  </org.openmrs.ConceptNumeric>
  <org.openmrs.Concept id="158" uuid="c9beea3e-d88f-4b3e-a958-8837874085b2">
    <conceptId>55263</conceptId>
    <retired>false</retired>
    <datatype reference="26"/>
    <conceptClass reference="28"/>
    <set>false</set>
    <creator/>
    <dateCreated id="159">2024-07-15 11:42:16</dateCreated>
    <changedBy/>
    <dateChanged id="160">2024-07-16 15:47:39</dateChanged>
    <names class="set" id="161">
      <org.openmrs.ConceptName id="162" uuid="68769ffa-6c91-431c-8285-3d139501075d">
        <conceptNameId>132951</conceptNameId>
        <concept reference="158"/>
        <name>Infant HIV Screening Vxnaid</name>
        <locale id="163">en</locale>
        <creator/>
        <dateCreated id="164">2024-07-15 11:42:16</dateCreated>
        <voided>false</voided>
        <tags class="set" id="165"/>
        <conceptNameType>FULLY_SPECIFIED</conceptNameType>
        <localePreferred>true</localePreferred>
        <changedBy/>
        <dateChanged id="166">2024-07-16 15:47:39</dateChanged>
      </org.openmrs.ConceptName>
    </names>
    <answers class="set" id="167"/>
    <conceptSets class="set" id="168"/>
    <descriptions class="set" id="169"/>
    <conceptMappings class="set" id="170"/>
    <attributes id="171"/>
  </org.openmrs.Concept>
</list>
