<?xml version="1.0" encoding="UTF-8"?>
<list id="1">
  <org.openmrs.Concept id="2" uuid="fa7eaa36-a3a7-4357-b286-9b333ad731d7">
    <conceptId>55328</conceptId>
    <retired>false</retired>
    <datatype id="3" resolves-to="org.openmrs.ConceptDatatype" uuid="8d4a4ab4-c2cc-11de-8d13-0010c6dffd0f">
      <name>Text</name>
      <description>Free text</description>
      <creator/>
      <dateCreated id="4">2004-02-02 00:00:00</dateCreated>
      <retired>false</retired>
      <conceptDatatypeId>3</conceptDatatypeId>
      <hl7Abbreviation>ST</hl7Abbreviation>
    </datatype>
    <conceptClass id="5" resolves-to="org.openmrs.ConceptClass" uuid="8d491e50-c2cc-11de-8d13-0010c6dffd0f">
      <name>Question</name>
      <description>Question (eg, patient history, SF36 items)</description>
      <creator/>
      <dateCreated id="6">2004-03-02 00:00:00</dateCreated>
      <changedBy/>
      <dateChanged id="7">2024-08-29 13:39:03</dateChanged>
      <retired>false</retired>
      <conceptClassId>7</conceptClassId>
    </conceptClass>
    <set>false</set>
    <creator/>
    <dateCreated id="8">2024-09-09 08:22:12</dateCreated>
    <changedBy/>
    <dateChanged id="9">2024-09-09 08:47:35</dateChanged>
    <names class="set" id="10">
      <org.openmrs.ConceptName id="11" uuid="204c9ee5-ee90-4a08-ba52-a2de92b7fb91">
        <conceptNameId>133041</conceptNameId>
        <concept reference="2"/>
        <name>Mother HIV test Vxnaid</name>
        <locale id="12">en</locale>
        <creator/>
        <dateCreated id="13">2024-09-09 08:22:12</dateCreated>
        <voided>false</voided>
        <tags class="set" id="14"/>
        <conceptNameType>FULLY_SPECIFIED</conceptNameType>
        <localePreferred>true</localePreferred>
        <changedBy/>
        <dateChanged id="15">2024-09-09 08:47:35</dateChanged>
      </org.openmrs.ConceptName>
    </names>
    <answers class="set" id="16"/>
    <conceptSets class="set" id="17"/>
    <descriptions class="set" id="18"/>
    <conceptMappings class="set" id="19"/>
    <attributes id="20"/>
  </org.openmrs.Concept>
  <org.openmrs.Concept id="21" uuid="57c1d25f-918c-4de7-8f6f-884eeacfcd06">
    <conceptId>55327</conceptId>
    <retired>false</retired>
    <datatype reference="3"/>
    <conceptClass reference="5"/>
    <set>false</set>
    <creator/>
    <dateCreated id="22">2024-09-09 08:21:38</dateCreated>
    <changedBy/>
    <dateChanged id="23">2024-09-09 08:43:21</dateChanged>
    <names class="set" id="24">
      <org.openmrs.ConceptName id="25" uuid="2a33c05f-5892-441f-b0f7-1b2a396d9520">
        <conceptNameId>133040</conceptNameId>
        <concept reference="21"/>
        <name>Disability or maternal EMTCT status Vxnaid</name>
        <locale id="26">en</locale>
        <creator/>
        <dateCreated id="27">2024-09-09 08:21:38</dateCreated>
        <voided>false</voided>
        <tags class="set" id="28"/>
        <conceptNameType>FULLY_SPECIFIED</conceptNameType>
        <localePreferred>true</localePreferred>
        <changedBy/>
        <dateChanged id="29">2024-09-09 08:43:21</dateChanged>
      </org.openmrs.ConceptName>
    </names>
    <answers class="set" id="30"/>
    <conceptSets class="set" id="31"/>
    <descriptions class="set" id="32"/>
    <conceptMappings class="set" id="33"/>
    <attributes id="34"/>
  </org.openmrs.Concept>
</list>
