<?xml version="1.0" encoding="UTF-8"?>
<list id="1">
  <org.openmrs.Concept id="2" uuid="fae0b2fb-501f-46e7-a4d3-05b0c8827c06">
    <conceptId>55333</conceptId>
    <retired>false</retired>
    <datatype id="3" resolves-to="org.openmrs.ConceptDatatype" uuid="8d4a4ab4-c2cc-11de-8d13-0010c6dffd0f">
      <name>Text</name>
      <description>Free text</description>
      <creator/>
      <dateCreated id="4">2004-02-02 00:00:00</dateCreated>
      <retired>false</retired>
      <conceptDatatypeId>3</conceptDatatypeId>
      <hl7Abbreviation>ST</hl7Abbreviation>
    </datatype>
    <conceptClass id="5" resolves-to="org.openmrs.ConceptClass" uuid="8d491e50-c2cc-11de-8d13-0010c6dffd0f">
      <name>Question</name>
      <description>Question (eg, patient history, SF36 items)</description>
      <creator/>
      <dateCreated id="6">2004-03-02 00:00:00</dateCreated>
      <changedBy/>
      <dateChanged id="7">2024-09-11 11:30:34</dateChanged>
      <retired>false</retired>
      <conceptClassId>7</conceptClassId>
    </conceptClass>
    <set>false</set>
    <creator/>
    <dateCreated id="8">2024-10-04 10:45:09</dateCreated>
    <changedBy/>
    <dateChanged id="9">2024-10-04 10:45:09</dateChanged>
    <names class="set" id="10">
      <org.openmrs.ConceptName id="11" uuid="6a1fd5a4-4b5a-4b30-9a55-2bd69e75b164">
        <conceptNameId>133046</conceptNameId>
        <concept reference="2"/>
        <name>Adverse Effects Vxnaid</name>
        <locale id="12">en</locale>
        <creator/>
        <dateCreated id="13">2024-10-04 10:45:09</dateCreated>
        <voided>false</voided>
        <tags class="set" id="14"/>
        <conceptNameType>FULLY_SPECIFIED</conceptNameType>
        <localePreferred>true</localePreferred>
      </org.openmrs.ConceptName>
    </names>
    <answers class="set" id="15"/>
    <conceptSets class="set" id="16"/>
    <descriptions class="set" id="17"/>
    <conceptMappings class="set" id="18"/>
    <attributes id="19"/>
  </org.openmrs.Concept>
  <org.openmrs.EncounterType id="20" uuid="022cea9a-7f6f-48d9-9793-e358337d17e4">
    <name>Adverse Effects</name>
    <creator/>
    <dateCreated id="21">2024-10-04 10:38:24</dateCreated>
    <retired>false</retired>
    <encounterTypeId>12</encounterTypeId>
  </org.openmrs.EncounterType>
</list>
